[{"fields": {"sell_price": 6600, "tech": 0, "name": "Impure tungsten", "craftable": true, "typ": 12, "icon": "resource_tungsten_ore"}, "model": "scon.item", "pk": 1}, {"fields": {"sell_price": 4500, "tech": 0, "name": "Impure osmium", "craftable": true, "typ": 12, "icon": "resource_osmium_ore"}, "model": "scon.item", "pk": 2}, {"fields": {"sell_price": 600, "tech": 0, "name": "Impure silicon", "craftable": true, "typ": 12, "icon": "resource_silicon_ore"}, "model": "scon.item", "pk": 3}, {"fields": {"sell_price": 500, "tech": 0, "name": "Vanadium", "craftable": true, "typ": 12, "icon": "resource_vanadium"}, "model": "scon.item", "pk": 4}, {"fields": {"sell_price": 3500, "tech": 0, "name": "Crystal shard", "craftable": true, "typ": 12, "icon": "resource_crystal_shard"}, "model": "scon.item", "pk": 5}, {"fields": {"sell_price": 20000, "tech": 0, "name": "Tungsten plate", "description": "Durable tungsten plate", "craftable": true, "typ": 13, "icon": "component_tungsten_plate"}, "model": "scon.item", "pk": 6}, {"fields": {"sell_price": 42000, "tech": 0, "name": "Screened battery", "craftable": true, "typ": 13, "icon": "component_screened_battery"}, "model": "scon.item", "pk": 7}, {"fields": {"sell_price": 5500, "tech": 0, "name": "Osmium crystals", "craftable": true, "typ": 13, "icon": "component_osmium_crystals"}, "model": "scon.item", "pk": 8}, {"fields": {"sell_price": 2500, "tech": 0, "name": "Pure Silicon", "craftable": true, "typ": 13, "icon": "component_pure_silicon"}, "model": "scon.item", "pk": 9}, {"fields": {"sell_price": 22000, "tech": 0, "name": "Processing block", "craftable": true, "typ": 13, "icon": "component_processing_block"}, "model": "scon.item", "pk": 10}, {"fields": {"sell_price": 1600, "tech": 0, "name": "Metal blank", "craftable": true, "typ": 13, "icon": "component_metal_blank"}, "model": "scon.item", "pk": 11}, {"fields": {"sell_price": 25000, "tech": 0, "name": "Alien Monocrystal", "craftable": true, "typ": 13, "icon": "component_alien_monocrystal"}, "model": "scon.item", "pk": 12}, {"fields": {"sell_price": 4500, "tech": 0, "name": "Computing chip", "craftable": true, "typ": 13, "icon": "component_computing_chip"}, "model": "scon.item", "pk": 13}, {"fields": {"sell_price": 1000, "tech": 0, "name": "Explosive Shells", "quality": 4, "craftable": true, "typ": 8, "icon": "ammo_explosive_shells_mk4"}, "model": "scon.item", "pk": 14}, {"fields": {"sell_price": 1000, "tech": 0, "name": "Double Deflector", "quality": 4, "craftable": true, "typ": 8, "icon": "ammo_double_deflector_mk4"}, "model": "scon.item", "pk": 15}, {"fields": {"sell_price": 1000, "tech": 0, "name": "Xenon Lamp", "quality": 4, "craftable": true, "typ": 8, "icon": "ammo_xenon_lamp_mk4"}, "model": "scon.item", "pk": 16}, {"fields": {"sell_price": 1092, "tech": 0, "name": "Attack Drone", "quality": 10, "craftable": true, "typ": 8, "icon": "ammo_attack_drone"}, "model": "scon.item", "pk": 17}, {"fields": {"sell_price": 1000, "tech": 0, "name": "Focusing Lens", "quality": 4, "craftable": true, "typ": 8, "icon": "ammo_focusing_lens"}, "model": "scon.item", "pk": 18}, {"fields": {"sell_price": 1000, "tech": 0, "name": "Iridium Slugs", "quality": 4, "craftable": true, "typ": 8, "icon": "ammo_iridium_slugs"}, "model": "scon.item", "pk": 19}, {"fields": {"sell_price": 1000, "tech": 0, "name": "Supercooled Charges", "quality": 4, "craftable": true, "typ": 8, "icon": "ammo_supercooled_charges"}, "model": "scon.item", "pk": 20}, {"fields": {"sell_price": 1000, "tech": 0, "name": "Doomsday Missile", "quality": 1, "craftable": true, "typ": 8, "icon": "ammo_doomsday_missile"}, "model": "scon.item", "pk": 21}, {"fields": {"sell_price": 8000, "buy_price_premium": 200, "name": "Duplicator", "icon": "duplicator", "craftable": true, "typ": 0, "description": "Revives in Invasion with Cargo once."}, "model": "scon.item", "pk": 22}, {"fields": {"name": "A1MA IV", "typ": 8, "craftable": true, "sell_price": 26910, "tech": 4, "role": 0, "quality": 1, "icon": "active_a1ma"}, "model": "scon.item", "pk": 23}, {"fields": {"tech": 5, "name": "Pirate \"Orion\" Targeting Complex V", "role": 3, "craftable": true, "quality": 14, "typ": 8, "icon": "active_t5_orion_targeting_complex_pirate"}, "model": "scon.item", "pk": 24}, {"fields": {"tech": 5, "name": "Pirate Engine Overcharge V", "role": 6, "craftable": true, "quality": 14, "typ": 8, "icon": "active_t5_engine_overcharge_pirate"}, "model": "scon.item", "pk": 25}, {"fields": {"tech": 5, "name": "Pirate Mass Shield Generator V", "role": 7, "craftable": true, "quality": 14, "typ": 8, "icon": "active_t5_mass_shield_generator_pirate"}, "model": "scon.item", "pk": 26}, {"fields": {"tech": 3, "name": "Reverse Thruster III", "role": 9, "craftable": true, "quality": 1, "typ": 8, "icon": "active_reverse_thruster"}, "model": "scon.item", "pk": 27}, {"fields": {"tech": 4, "name": "Reverse Thruster IV", "role": 9, "craftable": true, "quality": 1, "typ": 8, "icon": "active_reverse_thruster"}, "model": "scon.item", "pk": 28}, {"fields": {"tech": 5, "name": "Reverse Thruster V", "role": 9, "craftable": true, "quality": 1, "typ": 8, "icon": "active_reverse_thruster"}, "model": "scon.item", "pk": 29}, {"fields": {"tech": 3, "name": "Plasma Gun III", "quality": 5, "craftable": true, "typ": 7, "icon": "weapon_plasma_gun_mk5"}, "model": "scon.item", "pk": 30}, {"fields": {"tech": 4, "name": "Plasma Gun IV", "quality": 5, "craftable": true, "typ": 7, "icon": "weapon_plasma_gun_mk5"}, "model": "scon.item", "pk": 31}, {"fields": {"tech": 5, "name": "Plasma Gun V", "quality": 5, "craftable": true, "typ": 7, "icon": "weapon_plasma_gun_mk5"}, "model": "scon.item", "pk": 32}, {"fields": {"tech": 3, "name": "Assault Railgun III", "quality": 5, "craftable": true, "typ": 7, "icon": "weapon_assault_rail_mk5"}, "model": "scon.item", "pk": 33}, {"fields": {"tech": 4, "name": "Assault Railgun IV", "quality": 5, "craftable": true, "typ": 7, "icon": "weapon_assault_rail_mk5"}, "model": "scon.item", "pk": 34}, {"fields": {"tech": 5, "name": "Assault Railgun V", "quality": 5, "craftable": true, "typ": 7, "icon": "weapon_assault_rail_mk5"}, "model": "scon.item", "pk": 35}, {"fields": {"tech": 3, "name": "Beam Cannon III", "quality": 5, "craftable": true, "typ": 7, "icon": "weapon_beam_cannon_mk5"}, "model": "scon.item", "pk": 36}, {"fields": {"tech": 4, "name": "Beam Cannon IV", "quality": 5, "craftable": true, "typ": 7, "icon": "weapon_beam_cannon_mk5"}, "model": "scon.item", "pk": 37}, {"fields": {"tech": 5, "name": "Beam Cannon V", "quality": 5, "craftable": true, "typ": 7, "icon": "weapon_beam_cannon_mk5"}, "model": "scon.item", "pk": 38}, {"fields": {"sell_price": 20188, "tech": 3, "name": "Target Tracking Coprocessor III", "icon": "cpu_target_tracking_coprocessor", "craftable": false, "typ": 5, "description": "Increases Critical Damage"}, "model": "scon.item", "pk": 39}, {"fields": {"tech": 3, "name": "Plasma Gun III", "typ": 7, "craftable": false, "quality": 4, "icon": "weapon_plasma_gun"}, "model": "scon.item", "pk": 40}, {"fields": {"tech": 4, "name": "Plasma Gun IV", "typ": 7, "craftable": false, "quality": 4, "icon": "weapon_plasma_gun"}, "model": "scon.item", "pk": 41}, {"fields": {"tech": 5, "name": "Plasma Gun V", "typ": 7, "craftable": false, "quality": 4, "icon": "weapon_plasma_gun"}, "model": "scon.item", "pk": 42}, {"fields": {"tech": 3, "name": "Assault Railgun III", "typ": 7, "craftable": false, "quality": 4, "icon": "weapon_assault_railgun"}, "model": "scon.item", "pk": 43}, {"fields": {"tech": 4, "name": "Assault Railgun IV", "typ": 7, "craftable": false, "quality": 4, "icon": "weapon_assault_railgun"}, "model": "scon.item", "pk": 44}, {"fields": {"tech": 5, "name": "Assault Railgun V", "typ": 7, "craftable": false, "quality": 4, "icon": "weapon_assault_railgun"}, "model": "scon.item", "pk": 45}, {"fields": {"tech": 3, "name": "Beam Cannon III", "typ": 7, "craftable": false, "quality": 4, "icon": "weapon_beam_cannon"}, "model": "scon.item", "pk": 46}, {"fields": {"tech": 4, "name": "Beam Cannon IV", "typ": 7, "craftable": false, "quality": 4, "icon": "weapon_beam_cannon"}, "model": "scon.item", "pk": 47}, {"fields": {"tech": 5, "name": "Beam Cannon V", "typ": 7, "craftable": false, "quality": 4, "icon": "weapon_beam_cannon"}, "model": "scon.item", "pk": 48}, {"fields": {"tech": 0, "craftable": true, "typ": 11, "name": "Focusing Lens Blueprint", "icon": "blueprint"}, "model": "scon.item", "pk": 49}, {"fields": {"tech": 0, "craftable": true, "typ": 11, "name": "Iridium Slugs Blueprint", "icon": "blueprint"}, "model": "scon.item", "pk": 50}, {"fields": {"tech": 0, "craftable": true, "typ": 11, "name": "Supercooled Charges Blueprint", "icon": "blueprint"}, "model": "scon.item", "pk": 51}, {"fields": {"tech": 0, "craftable": true, "typ": 11, "name": "A1MA T4 Blueprint", "icon": "blueprint"}, "model": "scon.item", "pk": 52}, {"fields": {"tech": 0, "name": "Orion-2 Targeting Complex Blueprint", "description": "Module works twice as long but much weaker.", "craftable": true, "typ": 11, "icon": "blueprint"}, "model": "scon.item", "pk": 53}, {"fields": {"tech": 0, "craftable": true, "typ": 11, "name": "Engine Warp Overcharge Blueprint", "icon": "blueprint"}, "model": "scon.item", "pk": 54}, {"fields": {"tech": 0, "craftable": true, "typ": 11, "name": "Mass Shield Energizer Blueprint", "icon": "blueprint"}, "model": "scon.item", "pk": 55}, {"fields": {"tech": 0, "craftable": true, "typ": 11, "name": "Reverse Thruster T3 Blueprint", "icon": "blueprint"}, "model": "scon.item", "pk": 56}, {"fields": {"tech": 0, "craftable": true, "typ": 11, "name": "Reverse Thruster T4 Blueprint", "icon": "blueprint"}, "model": "scon.item", "pk": 57}, {"fields": {"tech": 0, "craftable": true, "typ": 11, "name": "Reverse Thruster T5 Blueprint", "icon": "blueprint"}, "model": "scon.item", "pk": 58}, {"fields": {"tech": 0, "craftable": true, "typ": 11, "name": "Beam Cannon Prototype T3 Blueprint", "icon": "blueprint"}, "model": "scon.item", "pk": 59}, {"fields": {"tech": 0, "craftable": true, "typ": 11, "name": "Beam Cannon Prototype T4 Blueprint", "icon": "blueprint"}, "model": "scon.item", "pk": 60}, {"fields": {"tech": 0, "craftable": true, "typ": 11, "name": "Beam Cannon Prototype T5 Blueprint", "icon": "blueprint"}, "model": "scon.item", "pk": 61}, {"fields": {"tech": 0, "craftable": true, "typ": 11, "name": "Assault Railgun Prototype T3 Blueprint", "icon": "blueprint"}, "model": "scon.item", "pk": 62}, {"fields": {"tech": 0, "craftable": true, "typ": 11, "name": "Assault Railgun Prototype T4 Blueprint", "icon": "blueprint"}, "model": "scon.item", "pk": 63}, {"fields": {"tech": 0, "craftable": true, "typ": 11, "name": "Assault Railgun Prototype T5 Blueprint", "icon": "blueprint"}, "model": "scon.item", "pk": 64}, {"fields": {"tech": 0, "craftable": true, "typ": 11, "name": "Plasma Gun Prototype T3 Blueprint", "icon": "blueprint"}, "model": "scon.item", "pk": 65}, {"fields": {"tech": 0, "craftable": true, "typ": 11, "name": "Plasma Gun Prototype T4 Blueprint", "icon": "blueprint"}, "model": "scon.item", "pk": 66}, {"fields": {"tech": 0, "craftable": true, "typ": 11, "name": "Plasma Gun Prototype T5 Blueprint", "icon": "blueprint"}, "model": "scon.item", "pk": 67}, {"fields": {"tech": 0, "craftable": true, "typ": 11, "name": "Doomsday Missile Blueprint", "icon": "blueprint"}, "model": "scon.item", "pk": 68}, {"pk": 1, "model": "scon.crafting", "fields": {"output": 22, "amount": 1}}, {"pk": 1, "model": "scon.craftinginput", "fields": {"item": 10, "crafting": 1, "amount": 1, "primary": true}}, {"pk": 2, "model": "scon.craftinginput", "fields": {"item": 13, "crafting": 1, "amount": 2, "primary": false}}, {"pk": 3, "model": "scon.craftinginput", "fields": {"item": 11, "crafting": 1, "amount": 2, "primary": false}}, {"pk": 2, "model": "scon.crafting", "fields": {"output": 6, "amount": 1}}, {"pk": 4, "model": "scon.craftinginput", "fields": {"item": 1, "crafting": 2, "amount": 2, "primary": true}}, {"pk": 3, "model": "scon.crafting", "fields": {"output": 7, "amount": 1}}, {"pk": 5, "model": "scon.craftinginput", "fields": {"item": 6, "crafting": 3, "amount": 1, "primary": true}}, {"pk": 6, "model": "scon.craftinginput", "fields": {"item": 13, "crafting": 3, "amount": 2, "primary": false}}, {"pk": 4, "model": "scon.crafting", "fields": {"output": 8, "amount": 1}}, {"pk": 7, "model": "scon.craftinginput", "fields": {"item": 2, "crafting": 4, "amount": 1, "primary": true}}, {"pk": 5, "model": "scon.crafting", "fields": {"output": 9, "amount": 1}}, {"pk": 8, "model": "scon.craftinginput", "fields": {"item": 3, "crafting": 5, "amount": 1, "primary": true}}, {"pk": 6, "model": "scon.crafting", "fields": {"output": 13, "amount": 1}}, {"pk": 9, "model": "scon.craftinginput", "fields": {"item": 5, "crafting": 6, "amount": 1, "primary": true}}, {"pk": 7, "model": "scon.crafting", "fields": {"output": 10, "amount": 1}}, {"pk": 10, "model": "scon.craftinginput", "fields": {"item": 9, "crafting": 7, "amount": 4, "primary": true}}, {"pk": 11, "model": "scon.craftinginput", "fields": {"item": 13, "crafting": 7, "amount": 2, "primary": false}}, {"pk": 8, "model": "scon.crafting", "fields": {"output": 11, "amount": 1}}, {"pk": 12, "model": "scon.craftinginput", "fields": {"item": 4, "crafting": 8, "amount": 2, "primary": true}}, {"pk": 9, "model": "scon.crafting", "fields": {"output": 39, "amount": 1}}, {"pk": 13, "model": "scon.craftinginput", "fields": {"item": 7, "crafting": 9, "amount": 1, "primary": true}}, {"pk": 14, "model": "scon.craftinginput", "fields": {"item": 11, "crafting": 9, "amount": 7, "primary": false}}, {"pk": 15, "model": "scon.craftinginput", "fields": {"item": 9, "crafting": 9, "amount": 5, "primary": false}}, {"pk": 10, "model": "scon.crafting", "fields": {"output": 14, "amount": 2}}, {"pk": 16, "model": "scon.craftinginput", "fields": {"item": 11, "crafting": 10, "amount": 1, "primary": true}}, {"pk": 17, "model": "scon.craftinginput", "fields": {"item": 9, "crafting": 10, "amount": 2, "primary": false}}, {"pk": 11, "model": "scon.crafting", "fields": {"output": 17, "amount": 1}}, {"pk": 18, "model": "scon.craftinginput", "fields": {"item": 12, "crafting": 11, "amount": 1, "primary": true}}, {"pk": 19, "model": "scon.craftinginput", "fields": {"item": 13, "crafting": 11, "amount": 1, "primary": false}}, {"pk": 12, "model": "scon.crafting", "fields": {"output": 15, "amount": 2}}, {"pk": 20, "model": "scon.craftinginput", "fields": {"item": 8, "crafting": 12, "amount": 1, "primary": true}}, {"pk": 13, "model": "scon.crafting", "fields": {"output": 16, "amount": 2}}, {"pk": 21, "model": "scon.craftinginput", "fields": {"item": 13, "crafting": 13, "amount": 1, "primary": true}}, {"pk": 22, "model": "scon.craftinginput", "fields": {"item": 9, "crafting": 13, "amount": 1, "primary": false}}, {"pk": 14, "model": "scon.crafting", "fields": {"output": 18, "amount": 2}}, {"pk": 23, "model": "scon.craftinginput", "fields": {"item": 49, "crafting": 14, "amount": 1, "primary": true}}, {"pk": 24, "model": "scon.craftinginput", "fields": {"item": 8, "crafting": 14, "amount": 1, "primary": false}}, {"pk": 15, "model": "scon.crafting", "fields": {"output": 20, "amount": 2}}, {"pk": 25, "model": "scon.craftinginput", "fields": {"item": 51, "crafting": 15, "amount": 1, "primary": true}}, {"pk": 26, "model": "scon.craftinginput", "fields": {"item": 13, "crafting": 15, "amount": 1, "primary": false}}, {"pk": 16, "model": "scon.crafting", "fields": {"output": 19, "amount": 2}}, {"pk": 27, "model": "scon.craftinginput", "fields": {"item": 50, "crafting": 16, "amount": 1, "primary": true}}, {"pk": 28, "model": "scon.craftinginput", "fields": {"item": 11, "crafting": 16, "amount": 1, "primary": false}}, {"pk": 17, "model": "scon.crafting", "fields": {"output": 23, "amount": 1}}, {"pk": 29, "model": "scon.craftinginput", "fields": {"item": 52, "crafting": 17, "amount": 1, "primary": true}}, {"pk": 30, "model": "scon.craftinginput", "fields": {"item": 10, "crafting": 17, "amount": 2, "primary": false}}, {"pk": 31, "model": "scon.craftinginput", "fields": {"item": 11, "crafting": 17, "amount": 14, "primary": false}}, {"pk": 32, "model": "scon.craftinginput", "fields": {"item": 7, "crafting": 17, "amount": 2, "primary": false}}, {"pk": 33, "model": "scon.craftinginput", "fields": {"item": 12, "crafting": 17, "amount": 20, "primary": false}}, {"pk": 18, "model": "scon.crafting", "fields": {"output": 24, "amount": 1}}, {"pk": 34, "model": "scon.craftinginput", "fields": {"item": 53, "crafting": 18, "amount": 1, "primary": true}}, {"pk": 35, "model": "scon.craftinginput", "fields": {"item": 6, "crafting": 18, "amount": 3, "primary": false}}, {"pk": 36, "model": "scon.craftinginput", "fields": {"item": 13, "crafting": 18, "amount": 4, "primary": false}}, {"pk": 37, "model": "scon.craftinginput", "fields": {"item": 10, "crafting": 18, "amount": 2, "primary": false}}, {"pk": 38, "model": "scon.craftinginput", "fields": {"item": 12, "crafting": 18, "amount": 30, "primary": false}}, {"pk": 19, "model": "scon.crafting", "fields": {"output": 25, "amount": 1}}, {"pk": 39, "model": "scon.craftinginput", "fields": {"item": 54, "crafting": 19, "amount": 1, "primary": true}}, {"pk": 40, "model": "scon.craftinginput", "fields": {"item": 6, "crafting": 19, "amount": 3, "primary": false}}, {"pk": 41, "model": "scon.craftinginput", "fields": {"item": 8, "crafting": 19, "amount": 2, "primary": false}}, {"pk": 42, "model": "scon.craftinginput", "fields": {"item": 10, "crafting": 19, "amount": 2, "primary": false}}, {"pk": 43, "model": "scon.craftinginput", "fields": {"item": 12, "crafting": 19, "amount": 30, "primary": false}}, {"pk": 20, "model": "scon.crafting", "fields": {"output": 26, "amount": 1}}, {"pk": 44, "model": "scon.craftinginput", "fields": {"item": 55, "crafting": 20, "amount": 1, "primary": true}}, {"pk": 45, "model": "scon.craftinginput", "fields": {"item": 11, "crafting": 20, "amount": 10, "primary": false}}, {"pk": 46, "model": "scon.craftinginput", "fields": {"item": 13, "crafting": 20, "amount": 3, "primary": false}}, {"pk": 47, "model": "scon.craftinginput", "fields": {"item": 10, "crafting": 20, "amount": 3, "primary": false}}, {"pk": 48, "model": "scon.craftinginput", "fields": {"item": 12, "crafting": 20, "amount": 30, "primary": false}}, {"pk": 21, "model": "scon.crafting", "fields": {"output": 27, "amount": 1}}, {"pk": 49, "model": "scon.craftinginput", "fields": {"item": 56, "crafting": 21, "amount": 1, "primary": true}}, {"pk": 50, "model": "scon.craftinginput", "fields": {"item": 11, "crafting": 21, "amount": 7, "primary": false}}, {"pk": 51, "model": "scon.craftinginput", "fields": {"item": 7, "crafting": 21, "amount": 1, "primary": false}}, {"pk": 52, "model": "scon.craftinginput", "fields": {"item": 13, "crafting": 21, "amount": 4, "primary": false}}, {"pk": 53, "model": "scon.craftinginput", "fields": {"item": 12, "crafting": 21, "amount": 15, "primary": false}}, {"pk": 22, "model": "scon.crafting", "fields": {"output": 28, "amount": 1}}, {"pk": 54, "model": "scon.craftinginput", "fields": {"item": 57, "crafting": 22, "amount": 1, "primary": true}}, {"pk": 55, "model": "scon.craftinginput", "fields": {"item": 11, "crafting": 22, "amount": 12, "primary": false}}, {"pk": 56, "model": "scon.craftinginput", "fields": {"item": 7, "crafting": 22, "amount": 2, "primary": false}}, {"pk": 57, "model": "scon.craftinginput", "fields": {"item": 13, "crafting": 22, "amount": 5, "primary": false}}, {"pk": 58, "model": "scon.craftinginput", "fields": {"item": 12, "crafting": 22, "amount": 20, "primary": false}}, {"pk": 23, "model": "scon.crafting", "fields": {"output": 29, "amount": 1}}, {"pk": 59, "model": "scon.craftinginput", "fields": {"item": 58, "crafting": 23, "amount": 1, "primary": true}}, {"pk": 60, "model": "scon.craftinginput", "fields": {"item": 6, "crafting": 23, "amount": 7, "primary": false}}, {"pk": 61, "model": "scon.craftinginput", "fields": {"item": 7, "crafting": 23, "amount": 3, "primary": false}}, {"pk": 62, "model": "scon.craftinginput", "fields": {"item": 13, "crafting": 23, "amount": 6, "primary": false}}, {"pk": 63, "model": "scon.craftinginput", "fields": {"item": 12, "crafting": 23, "amount": 30, "primary": false}}, {"pk": 24, "model": "scon.crafting", "fields": {"output": 30, "amount": 1}}, {"pk": 64, "model": "scon.craftinginput", "fields": {"item": 65, "crafting": 24, "amount": 1, "primary": true}}, {"pk": 65, "model": "scon.craftinginput", "fields": {"item": 40, "crafting": 24, "amount": 1, "primary": false}}, {"pk": 66, "model": "scon.craftinginput", "fields": {"item": 11, "crafting": 24, "amount": 6, "primary": false}}, {"pk": 67, "model": "scon.craftinginput", "fields": {"item": 7, "crafting": 24, "amount": 3, "primary": false}}, {"pk": 68, "model": "scon.craftinginput", "fields": {"item": 12, "crafting": 24, "amount": 30, "primary": false}}, {"pk": 25, "model": "scon.crafting", "fields": {"output": 31, "amount": 1}}, {"pk": 69, "model": "scon.craftinginput", "fields": {"item": 66, "crafting": 25, "amount": 1, "primary": true}}, {"pk": 70, "model": "scon.craftinginput", "fields": {"item": 41, "crafting": 25, "amount": 1, "primary": false}}, {"pk": 71, "model": "scon.craftinginput", "fields": {"item": 6, "crafting": 25, "amount": 1, "primary": false}}, {"pk": 72, "model": "scon.craftinginput", "fields": {"item": 7, "crafting": 25, "amount": 4, "primary": false}}, {"pk": 73, "model": "scon.craftinginput", "fields": {"item": 12, "crafting": 25, "amount": 50, "primary": false}}, {"pk": 26, "model": "scon.crafting", "fields": {"output": 32, "amount": 1}}, {"pk": 74, "model": "scon.craftinginput", "fields": {"item": 67, "crafting": 26, "amount": 1, "primary": true}}, {"pk": 75, "model": "scon.craftinginput", "fields": {"item": 42, "crafting": 26, "amount": 1, "primary": false}}, {"pk": 76, "model": "scon.craftinginput", "fields": {"item": 6, "crafting": 26, "amount": 3, "primary": false}}, {"pk": 77, "model": "scon.craftinginput", "fields": {"item": 7, "crafting": 26, "amount": 5, "primary": false}}, {"pk": 78, "model": "scon.craftinginput", "fields": {"item": 12, "crafting": 26, "amount": 70, "primary": false}}, {"pk": 27, "model": "scon.crafting", "fields": {"output": 33, "amount": 1}}, {"pk": 79, "model": "scon.craftinginput", "fields": {"item": 62, "crafting": 27, "amount": 1, "primary": true}}, {"pk": 80, "model": "scon.craftinginput", "fields": {"item": 43, "crafting": 27, "amount": 1, "primary": false}}, {"pk": 81, "model": "scon.craftinginput", "fields": {"item": 11, "crafting": 27, "amount": 6, "primary": false}}, {"pk": 82, "model": "scon.craftinginput", "fields": {"item": 7, "crafting": 27, "amount": 3, "primary": false}}, {"pk": 83, "model": "scon.craftinginput", "fields": {"item": 12, "crafting": 27, "amount": 30, "primary": false}}, {"pk": 28, "model": "scon.crafting", "fields": {"output": 34, "amount": 1}}, {"pk": 84, "model": "scon.craftinginput", "fields": {"item": 63, "crafting": 28, "amount": 1, "primary": true}}, {"pk": 85, "model": "scon.craftinginput", "fields": {"item": 44, "crafting": 28, "amount": 1, "primary": false}}, {"pk": 86, "model": "scon.craftinginput", "fields": {"item": 6, "crafting": 28, "amount": 1, "primary": false}}, {"pk": 87, "model": "scon.craftinginput", "fields": {"item": 7, "crafting": 28, "amount": 4, "primary": false}}, {"pk": 88, "model": "scon.craftinginput", "fields": {"item": 12, "crafting": 28, "amount": 50, "primary": false}}, {"pk": 29, "model": "scon.crafting", "fields": {"output": 35, "amount": 1}}, {"pk": 89, "model": "scon.craftinginput", "fields": {"item": 64, "crafting": 29, "amount": 1, "primary": true}}, {"pk": 90, "model": "scon.craftinginput", "fields": {"item": 45, "crafting": 29, "amount": 1, "primary": false}}, {"pk": 91, "model": "scon.craftinginput", "fields": {"item": 6, "crafting": 29, "amount": 3, "primary": false}}, {"pk": 92, "model": "scon.craftinginput", "fields": {"item": 7, "crafting": 29, "amount": 5, "primary": false}}, {"pk": 93, "model": "scon.craftinginput", "fields": {"item": 12, "crafting": 29, "amount": 70, "primary": false}}, {"pk": 30, "model": "scon.crafting", "fields": {"output": 36, "amount": 1}}, {"pk": 94, "model": "scon.craftinginput", "fields": {"item": 59, "crafting": 30, "amount": 1, "primary": true}}, {"pk": 95, "model": "scon.craftinginput", "fields": {"item": 46, "crafting": 30, "amount": 1, "primary": false}}, {"pk": 96, "model": "scon.craftinginput", "fields": {"item": 11, "crafting": 30, "amount": 6, "primary": false}}, {"pk": 97, "model": "scon.craftinginput", "fields": {"item": 7, "crafting": 30, "amount": 3, "primary": false}}, {"pk": 98, "model": "scon.craftinginput", "fields": {"item": 12, "crafting": 30, "amount": 30, "primary": false}}, {"pk": 31, "model": "scon.crafting", "fields": {"output": 37, "amount": 1}}, {"pk": 99, "model": "scon.craftinginput", "fields": {"item": 60, "crafting": 31, "amount": 1, "primary": true}}, {"pk": 100, "model": "scon.craftinginput", "fields": {"item": 47, "crafting": 31, "amount": 1, "primary": false}}, {"pk": 101, "model": "scon.craftinginput", "fields": {"item": 6, "crafting": 31, "amount": 1, "primary": false}}, {"pk": 102, "model": "scon.craftinginput", "fields": {"item": 7, "crafting": 31, "amount": 4, "primary": false}}, {"pk": 103, "model": "scon.craftinginput", "fields": {"item": 12, "crafting": 31, "amount": 50, "primary": false}}, {"pk": 32, "model": "scon.crafting", "fields": {"output": 38, "amount": 1}}, {"pk": 104, "model": "scon.craftinginput", "fields": {"item": 61, "crafting": 32, "amount": 1, "primary": true}}, {"pk": 105, "model": "scon.craftinginput", "fields": {"item": 48, "crafting": 32, "amount": 1, "primary": false}}, {"pk": 106, "model": "scon.craftinginput", "fields": {"item": 6, "crafting": 32, "amount": 3, "primary": false}}, {"pk": 107, "model": "scon.craftinginput", "fields": {"item": 7, "crafting": 32, "amount": 5, "primary": false}}, {"pk": 108, "model": "scon.craftinginput", "fields": {"item": 12, "crafting": 32, "amount": 70, "primary": false}}, {"pk": 33, "model": "scon.crafting", "fields": {"output": 21, "amount": 1}}, {"pk": 109, "model": "scon.craftinginput", "fields": {"item": 68, "crafting": 33, "amount": 1, "primary": true}}, {"pk": 110, "model": "scon.craftinginput", "fields": {"item": 8, "crafting": 33, "amount": 2, "primary": false}}, {"pk": 111, "model": "scon.craftinginput", "fields": {"item": 13, "crafting": 33, "amount": 1, "primary": false}}, {"pk": 112, "model": "scon.craftinginput", "fields": {"item": 11, "crafting": 33, "amount": 1, "primary": false}}]